"","ชาย","sex","0",NULL,"2016-06-24 04:36:31","2016-06-24 04:36:31"
"","หญิง","sex","0",NULL,"2016-06-24 04:36:31","2016-06-24 04:36:31"
"","หัวหน้าครอบครัว","family_status","0",NULL,"2016-06-24 04:36:31","2016-06-24 04:36:31"
"","ภรรยา","family_status","0",NULL,"2016-06-24 04:36:31","2016-06-24 04:36:31"
"","บุตร","family_status","0",NULL,"2016-06-24 04:36:31","2016-06-24 04:36:31"
"","อื่นๆ","family_status","1",NULL,"2016-06-24 04:36:31","2016-06-24 04:36:31"
"","ประถมศึกษา","education","0",NULL,"2016-06-24 04:36:31","2016-06-24 04:36:31"
"","มัธยมศึกษา","education","0",NULL,"2016-06-24 04:36:31","2016-06-24 04:36:31"
"","ปวช","education","0",NULL,"2016-06-24 04:36:31","2016-06-24 04:36:31"
"","ปวส","education","0",NULL,"2016-06-24 04:36:32","2016-06-24 04:36:32"
"","ปริญญาตรี","education","0",NULL,"2016-06-24 04:36:32","2016-06-24 04:36:32"
"","สูงกว่าปริญญาตรี","education","0",NULL,"2016-06-24 04:36:32","2016-06-24 04:36:32"
"","ไม่ได้ศึกษา","education","0",NULL,"2016-06-24 04:36:32","2016-06-24 04:36:32"
"","ไม่มีตำแหน่ง","social_status","0",NULL,"2016-06-24 04:36:32","2016-06-24 04:36:32"
"","กรรมการหมู่บ้าน","social_status","0",NULL,"2016-06-24 04:36:32","2016-06-24 04:36:32"
"","สมาชิก อบต","social_status","0",NULL,"2016-06-24 04:36:32","2016-06-24 04:36:32"
"","ผู้ใหญ่บ้าน","social_status","0",NULL,"2016-06-24 04:36:32","2016-06-24 04:36:32"
"","อื่นๆ","social_status","1",NULL,"2016-06-24 04:36:32","2016-06-24 04:36:32"
"","อาชีพหลัก","cattle_job","0",NULL,"2016-06-24 04:36:32","2016-06-24 04:36:32"
"","อาชีพเสริม","cattle_job","0",NULL,"2016-06-24 04:36:32","2016-06-24 04:36:32"
"","ทำนา","jobtypes","0",NULL,"2016-06-24 04:36:32","2016-06-24 04:36:32"
"","เลี้ยงโคเนื้อ","jobtypes","0",NULL,"2016-06-24 04:36:32","2016-06-24 04:36:32"
"","รับจ้าง","jobtypes","0",NULL,"2016-06-24 04:36:32","2016-06-24 04:36:32"
"","ประมง","jobtypes","0",NULL,"2016-06-24 04:36:32","2016-06-24 04:36:32"
"","ข้าราชการ","jobtypes","0",NULL,"2016-06-24 04:36:32","2016-06-24 04:36:32"
"","ค้าขาย","jobtypes","0",NULL,"2016-06-24 04:36:32","2016-06-24 04:36:32"
"","ทำสวน","jobtypes","1",NULL,"2016-06-24 04:36:32","2016-06-24 04:36:32"
"","ทำไร่","jobtypes","1",NULL,"2016-06-24 04:36:32","2016-06-24 04:36:32"
"","อื่นๆ","jobtypes","1",NULL,"2016-06-24 04:36:32","2016-06-24 04:36:32"
"","1,000 - 10,000 บาท/ปี","income_range","0",NULL,"2016-06-24 04:36:32","2016-06-24 04:36:32"
"","10,000 - 50,000 บาท/ปี","income_range","0",NULL,"2016-06-24 04:36:32","2016-06-24 04:36:32"
"","50,000 - 100,000 บาท/ปี","income_range","0",NULL,"2016-06-24 04:36:32","2016-06-24 04:36:32"
"","100,000 - 150,000 บาท/ปี","income_range","0",NULL,"2016-06-24 04:36:32","2016-06-24 04:36:32"
"","มากกว่า 150,000 บาท/ปี","income_range","0",NULL,"2016-06-24 04:36:32","2016-06-24 04:36:32"
"","โสด","personal_status","0",NULL,"2016-06-24 04:36:32","2016-06-24 04:36:32"
"","สมรส","personal_status","0",NULL,"2016-06-24 04:36:32","2016-06-24 04:36:32"
"","หย่า","personal_status","0",NULL,"2016-06-24 04:36:33","2016-06-24 04:36:33"
"","เลี้ยงไว้จำหน่ายเป็นโคขุน","farm_purposes","0",NULL,"2016-06-24 04:36:33","2016-06-24 04:36:33"
"","เลี้ยงไว้เพื่อเป็นพ่อพันธุ์และแม่พันธุ์","farm_purposes","0",NULL,"2016-06-24 04:36:33","2016-06-24 04:36:33"
"","เลี้ยงไว้เพื่อใช้แรงงาน","farm_purposes","0",NULL,"2016-06-24 04:36:33","2016-06-24 04:36:33"
"","เพื่อผลิตลูกขาย","farm_purposes","0",NULL,"2016-06-24 04:36:33","2016-06-24 04:36:33"
"","เลี้ยงไว้เพื่อความสวยงาม/การแข่งขัน","farm_purposes","0",NULL,"2016-06-24 04:36:33","2016-06-24 04:36:33"
"","อื่นๆ","farm_purposes","1",NULL,"2016-06-24 04:36:33","2016-06-24 04:36:33"
"","มี","farm_record","0",NULL,"2016-06-24 04:36:33","2016-06-24 04:36:33"
"","ไม่มี","farm_record","0",NULL,"2016-06-24 04:36:33","2016-06-24 04:36:33"
"","พ่อพันธุ์โคเนื้อที่เลี้ยง","master_breeding_types","0",NULL,"2016-06-24 04:36:33","2016-06-24 04:36:33"
"","แม่พันธุ์โคเนื้อที่เลี้ยง","master_breeding_types","0",NULL,"2016-06-24 04:36:33","2016-06-24 04:36:33"
"","โคเพศผู้อายุมากกว่า 6 เดือนขึ้นไปแต่ไม่ใช่พ่อพันธุ์คุมฝูง","master_breeding_types","0",NULL,"2016-06-24 04:36:33","2016-06-24 04:36:33"
"","โคเพศเมียอายุมากกว่า 6 เดือนขึ้นไปแต่ยังไม่ตั้งท้อง","master_breeding_types","0",NULL,"2016-06-24 04:36:33","2016-06-24 04:36:33"
"","ลูกโคเพศผู้อายุน้อยกว่า 6 เดือน","master_breeding_types","0",NULL,"2016-06-24 04:36:33","2016-06-24 04:36:33"
"","ลูกโคเพศเมียอายุน้อยกว่า 6 เดือน","master_breeding_types","0",NULL,"2016-06-24 04:36:33","2016-06-24 04:36:33"
"","พันธุ์พื้นเมือง","male_breeding_types","1","46","2016-06-24 04:36:33","2016-06-24 04:36:33"
"","พันธุ์แท้จากต่างประเทศ","male_breeding_types","0","46","2016-06-24 04:36:33","2016-06-24 04:36:33"
"","พันธุ์ลูกผสมระหว่าง","male_breeding_types","0","46","2016-06-24 04:36:33","2016-06-24 04:36:33"
"","พันธุ์อื่นๆ","male_breeding_types","1","46","2016-06-24 04:36:33","2016-06-24 04:36:33"
"","บราห์มัน","male_int_breeding_types","1","53","2016-06-24 04:36:33","2016-06-24 04:36:33"
"","ชาร์โรเล่ส์","male_int_breeding_types","1","53","2016-06-24 04:36:33","2016-06-24 04:36:33"
"","อินดูบราซิล","male_int_breeding_types","1","53","2016-06-24 04:36:33","2016-06-24 04:36:33"
"","พื้นเมือง-บราห์มัน","male_mixed_breeding_types","1","54","2016-06-24 04:36:33","2016-06-24 04:36:33"
"","พื้นเมือง-ชาร์โรเล่ส์","male_mixed_breeding_types","1","54","2016-06-24 04:36:33","2016-06-24 04:36:33"
"","พื้นเมือง-อินดูบราซิล","male_mixed_breeding_types","1","54","2016-06-24 04:36:33","2016-06-24 04:36:33"
"","พันธุ์พื้นเมือง","female_breeding_types","1","47","2016-06-24 04:36:33","2016-06-24 04:36:33"
"","พันธุ์แท้จากต่างประเทศ","female_breeding_types","0","47","2016-06-24 04:36:33","2016-06-24 04:36:33"
"","พันธุ์ลูกผสมระหว่าง","female_breeding_types","0","47","2016-06-24 04:36:33","2016-06-24 04:36:33"
"","พันธุ์อื่นๆ","female_breeding_types","1","47","2016-06-24 04:36:33","2016-06-24 04:36:33"
"","บราห์มัน","female_int_breeding_types","1","63","2016-06-24 04:36:33","2016-06-24 04:36:33"
"","ชาร์โรเล่ส์","female_int_breeding_types","1","63","2016-06-24 04:36:33","2016-06-24 04:36:33"
"","อินดูบราซิล","female_int_breeding_types","1","63","2016-06-24 04:36:33","2016-06-24 04:36:33"
"","พื้นเมือง-บราห์มัน","female_mixed_breeding_types","1","64","2016-06-24 04:36:33","2016-06-24 04:36:33"
"","พื้นเมือง-ชาร์โรเล่ส์","female_mixed_breeding_types","1","64","2016-06-24 04:36:33","2016-06-24 04:36:33"
"","พื้นเมือง-อินดูบราซิล","female_mixed_breeding_types","1","64","2016-06-24 04:36:33","2016-06-24 04:36:33"
"","พันธุ์พื้นเมือง","male_over_six_breeding_types","1","48","2016-06-24 04:36:33","2016-06-24 04:36:33"
"","พันธุ์แท้จากต่างประเทศ","male_over_six_breeding_types","0","48","2016-06-24 04:36:33","2016-06-24 04:36:33"
"","พันธุ์ลูกผสมระหว่าง","male_over_six_breeding_types","0","48","2016-06-24 04:36:33","2016-06-24 04:36:33"
"","พันธุ์อื่นๆ","male_over_six_breeding_types","1","48","2016-06-24 04:36:33","2016-06-24 04:36:33"
"","บราห์มัน","male_over_six_int_breeding_types","1","73","2016-06-24 04:36:33","2016-06-24 04:36:33"
"","ชาร์โรเล่ส์","male_over_six_int_breeding_types","1","73","2016-06-24 04:36:33","2016-06-24 04:36:33"
"","อินดูบราซิล","male_over_six_int_breeding_types","1","73","2016-06-24 04:36:33","2016-06-24 04:36:33"
"","พื้นเมือง-บราห์มัน","male_over_six_mixed_breeding_types","1","74","2016-06-24 04:36:33","2016-06-24 04:36:33"
"","พื้นเมือง-ชาร์โรเล่ส์","male_over_six_mixed_breeding_types","1","74","2016-06-24 04:36:33","2016-06-24 04:36:33"
"","พื้นเมือง-อินดูบราซิล","male_over_six_mixed_breeding_types","1","74","2016-06-24 04:36:33","2016-06-24 04:36:33"
"","พันธุ์พื้นเมือง","female_over_six_breeding_types","1","48","2016-06-24 04:36:33","2016-06-24 04:36:33"
"","พันธุ์แท้จากต่างประเทศ","female_over_six_breeding_types","0","48","2016-06-24 04:36:33","2016-06-24 04:36:33"
"","พันธุ์ลูกผสมระหว่าง","female_over_six_breeding_types","0","48","2016-06-24 04:36:33","2016-06-24 04:36:33"
"","พันธุ์อื่นๆ","female_over_six_breeding_types","1","49","2016-06-24 04:36:33","2016-06-24 04:36:33"
"","บราห์มัน","female_over_six_int_breeding_types","1","83","2016-06-24 04:36:33","2016-06-24 04:36:33"
"","ชาร์โรเล่ส์","female_over_six_int_breeding_types","1","83","2016-06-24 04:36:33","2016-06-24 04:36:33"
"","อินดูบราซิล","female_over_six_int_breeding_types","1","83","2016-06-24 04:36:33","2016-06-24 04:36:33"
"","พื้นเมือง-บราห์มัน","female_over_six_mixed_breeding_types","1","84","2016-06-24 04:36:33","2016-06-24 04:36:33"
"","พื้นเมือง-ชาร์โรเล่ส์","female_over_six_mixed_breeding_types","1","84","2016-06-24 04:36:33","2016-06-24 04:36:33"
"","พื้นเมือง-อินดูบราซิล","female_over_six_mixed_breeding_types","1","84","2016-06-24 04:36:33","2016-06-24 04:36:33"
"","พันธุ์พื้นเมือง","male_under_six_breeding_types","1","50","2016-06-24 04:36:33","2016-06-24 04:36:33"
"","พันธุ์แท้จากต่างประเทศ","male_under_six_breeding_types","0","50","2016-06-24 04:36:33","2016-06-24 04:36:33"
"","พันธุ์ลูกผสมระหว่าง","male_under_six_breeding_types","0","50","2016-06-24 04:36:33","2016-06-24 04:36:33"
"","พันธุ์อื่นๆ","male_under_six_breeding_types","1","50","2016-06-24 04:36:33","2016-06-24 04:36:33"
"","บราห์มัน","male_under_six_int_breeding_types","1","93","2016-06-24 04:36:33","2016-06-24 04:36:33"
"","ชาร์โรเล่ส์","male_under_six_int_breeding_types","1","93","2016-06-24 04:36:33","2016-06-24 04:36:33"
"","อินดูบราซิล","male_under_six_int_breeding_types","1","93","2016-06-24 04:36:33","2016-06-24 04:36:33"
"","พื้นเมือง-บราห์มัน","male_under_six_mixed_breeding_types","1","94","2016-06-24 04:36:33","2016-06-24 04:36:33"
"","พื้นเมือง-ชาร์โรเล่ส์","male_under_six_mixed_breeding_types","1","94","2016-06-24 04:36:33","2016-06-24 04:36:33"
"","พื้นเมือง-อินดูบราซิล","male_under_six_mixed_breeding_types","1","94","2016-06-24 04:36:33","2016-06-24 04:36:33"
"","พันธุ์พื้นเมือง","female_under_six_breeding_types","1","51","2016-06-24 04:36:33","2016-06-24 04:36:33"
"","พันธุ์แท้จากต่างประเทศ","female_under_six_breeding_types","0","51","2016-06-24 04:36:33","2016-06-24 04:36:33"
"","พันธุ์ลูกผสมระหว่าง","female_under_six_breeding_types","0","51","2016-06-24 04:36:33","2016-06-24 04:36:33"
"","พันธุ์อื่นๆ","female_under_six_breeding_types","1","51","2016-06-24 04:36:33","2016-06-24 04:36:33"
"","บราห์มัน","female_under_six_int_breeding_types","1","103","2016-06-24 04:36:33","2016-06-24 04:36:33"
"","ชาร์โรเล่ส์","female_under_six_int_breeding_types","1","103","2016-06-24 04:36:33","2016-06-24 04:36:33"
"","อินดูบราซิล","female_under_six_int_breeding_types","1","103","2016-06-24 04:36:33","2016-06-24 04:36:33"
"","พื้นเมือง-บราห์มัน","female_under_six_mixed_breeding_types","1","104","2016-06-24 04:36:33","2016-06-24 04:36:33"
"","พื้นเมือง-ชาร์โรเล่ส์","female_under_six_mixed_breeding_types","1","104","2016-06-24 04:36:33","2016-06-24 04:36:33"
"","พื้นเมือง-อินดูบราซิล","female_under_six_mixed_breeding_types","1","104","2016-06-24 04:36:33","2016-06-24 04:36:33"
"","น้อยกว่า1ปี","farm_exp","0",NULL,"2016-06-24 04:36:33","2016-06-24 04:36:33"
"","1-3ปี","farm_exp","0",NULL,"2016-06-24 04:36:33","2016-06-24 04:36:33"
"","4-6ปี","farm_exp","0",NULL,"2016-06-24 04:36:33","2016-06-24 04:36:33"
"","7-10ปี","farm_exp","0",NULL,"2016-06-24 04:36:33","2016-06-24 04:36:33"
"","10ปีขึ้นไป","farm_exp","0",NULL,"2016-06-24 04:36:33","2016-06-24 04:36:33"
"","เลี้ยงน้อยลง","farm_future","0",NULL,"2016-06-24 04:36:33","2016-06-24 04:36:33"
"","เลี้ยงเพิ่มขึ้น","farm_future","0",NULL,"2016-06-24 04:36:33","2016-06-24 04:36:33"
"","ไม่แน่ใจ","farm_future","0",NULL,"2016-06-24 04:36:33","2016-06-24 04:36:33"
"","ขึ้นทะเบียนแล้ว","farm_register_status","0",NULL,"2016-06-24 04:36:33","2016-06-24 04:36:33"
"","ไม่ได้ขึ้นทะเบียน","farm_register_status","0",NULL,"2016-06-24 04:36:33","2016-06-24 04:36:33"
"","ได้การรับรองมาตรฐานฟาร์ม","farm_register","0","120","2016-06-24 04:36:33","2016-06-24 04:36:33"
"","ไม่ได้รับการรับรองมาตรฐานฟาร์ม","farm_register","0","120","2016-06-24 04:36:33","2016-06-24 04:36:33"
"","อยู่ระหว่างการขอการรับรอง","farm_register","0","120","2016-06-24 04:36:33","2016-06-24 04:36:33"
"","อื่นๆ","farm_register","1","120","2016-06-24 04:36:33","2016-06-24 04:36:33"
"","ได้รับการตรวจ","farm_disease_check","0",NULL,"2016-06-24 04:36:33","2016-06-24 04:36:33"
"","ไม่ได้รับการตรวจ","farm_disease_check","0",NULL,"2016-06-24 04:36:33","2016-06-24 04:36:33"
"","มี","abortion","0",NULL,"2016-06-24 04:36:33","2016-06-24 04:36:33"
"","ไม่มี","abortion","0",NULL,"2016-06-24 04:36:33","2016-06-24 04:36:33"
"","มี","tuberculosis","0",NULL,"2016-06-24 04:36:33","2016-06-24 04:36:33"
"","ไม่มี","tuberculosis","0",NULL,"2016-06-24 04:36:33","2016-06-24 04:36:33"
"","มี","foot_mouth_disease","0",NULL,"2016-06-24 04:36:33","2016-06-24 04:36:33"
"","ไม่มี","foot_mouth_disease","0",NULL,"2016-06-24 04:36:33","2016-06-24 04:36:33"
"","ชลประทาน","water_source_types","0",NULL,"2016-06-24 04:36:33","2016-06-24 04:36:33"
"","บ่อบาดาล","water_source_types","0",NULL,"2016-06-24 04:36:33","2016-06-24 04:36:33"
"","น้ำประปา","water_source_types","0",NULL,"2016-06-24 04:36:33","2016-06-24 04:36:33"
"","บ่อน้ำตื้น","water_source_types","0",NULL,"2016-06-24 04:36:33","2016-06-24 04:36:33"
"","อื่นๆ","water_source_types","1",NULL,"2016-06-24 04:36:33","2016-06-24 04:36:33"
"","ขังคอกตลอดเวลา","take_care_types","0",NULL,"2016-06-24 04:36:33","2016-06-24 04:36:33"
"","กึ่งขังกึ่งปล่อย","take_care_types","0",NULL,"2016-06-24 04:36:33","2016-06-24 04:36:33"
"","ปล่อยทุ่ง","take_care_types","0",NULL,"2016-06-24 04:36:33","2016-06-24 04:36:33"
"","มีพื้นที่ถือครอง","own_land","0",NULL,"2016-06-24 04:36:33","2016-06-24 04:36:33"
"","ไม่มีพื้นที่ถือครอง","own_land","0",NULL,"2016-06-24 04:36:33","2016-06-24 04:36:33"
"","โฉนด","sub_own_lands","1","142","2016-06-24 04:36:33","2016-06-24 04:36:33"
"","นส.3","sub_own_lands","1","142","2016-06-24 04:36:33","2016-06-24 04:36:33"
"","สปก.","sub_own_lands","1","142","2016-06-24 04:36:33","2016-06-24 04:36:33"
"","อื่นๆ","sub_own_lands","1","142","2016-06-24 04:36:33","2016-06-24 04:36:33"
"","เช่า","rent_land","0",NULL,"2016-06-24 04:36:33","2016-06-24 04:36:33"
"","ไม่เช่า","rent_land","0",NULL,"2016-06-24 04:36:33","2016-06-24 04:36:33"
"","มีพื้นที่","use_land","0",NULL,"2016-06-24 04:36:33","2016-06-24 04:36:33"
"","ไม่มีพื้นที่","use_land","0",NULL,"2016-06-24 04:36:33","2016-06-24 04:36:33"
"","คอก","sub_use_lands","1","150","2016-06-24 04:36:33","2016-06-24 04:36:33"
"","พื้นที่ปลูกหญ้า","sub_use_lands","1","150","2016-06-24 04:36:33","2016-06-24 04:36:33"
"","หญ้าชนิดอะไร","sub_use_lands","1","150","2016-06-24 04:36:33","2016-06-24 04:36:33"
"","อาหารหยาบอย่างเดียว","feed_types","0",NULL,"2016-06-24 04:36:33","2016-06-24 04:36:33"
"","ทั้งอาหารข้นและอาหารหยาบ","feed_types","0",NULL,"2016-06-24 04:36:33","2016-06-24 04:36:33"
"","อาหารผสมครบส่วน(TMR)","feed_types","0",NULL,"2016-06-24 04:36:33","2016-06-24 04:36:33"
"","บริษัท","feed_sources","1",NULL,"2016-06-24 04:36:33","2016-06-24 04:36:33"
"","สหกรณ์","feed_sources","1",NULL,"2016-06-24 04:36:33","2016-06-24 04:36:33"
"","ผสมเองภายในฟาร์ม","feed_sources","0",NULL,"2016-06-24 04:36:33","2016-06-24 04:36:33"
"","เคยให้","minerals_feed","0",NULL,"2016-06-24 04:36:33","2016-06-24 04:36:33"
"","ไม่เคยให้","minerals_feed","0",NULL,"2016-06-24 04:36:33","2016-06-24 04:36:33"
"","ให้เป็นบางครั้ง","sub_minerals_feed","0","161","2016-06-24 04:36:33","2016-06-24 04:36:33"
"","ให้ตลอดทั้งปี","sub_minerals_feed","0","161","2016-06-24 04:36:33","2016-06-24 04:36:33"
"","สำรอง","feedstock","0",NULL,"2016-06-24 04:36:33","2016-06-24 04:36:33"
"","ไม่สำรอง","feedstock","0",NULL,"2016-06-24 04:36:33","2016-06-24 04:36:33"
"","ฟางข้าวหรือเปลือกข้าวโพดอัดก้อน","feedstock_types","0","165","2016-06-24 04:36:33","2016-06-24 04:36:33"
"","ฟางข้าวมัด","feedstock_types","0","165","2016-06-24 04:36:33","2016-06-24 04:36:33"
"","ฟางข้าวหรือเปลือกข้าวโพดหมักหรือปรุงแต่ง","feedstock_types","0","165","2016-06-24 04:36:33","2016-06-24 04:36:33"
"","ที่ส่วนตัวหรือไร่นาตัวเอง","feed_summer_sources","0",NULL,"2016-06-24 04:36:33","2016-06-24 04:36:33"
"","ที่สาธารณะประโยชน์","feed_summer_sources","0",NULL,"2016-06-24 04:36:33","2016-06-24 04:36:33"
"","แปลงปลูกหญ้าของตนเอง","feed_summer_sources","0",NULL,"2016-06-24 04:36:33","2016-06-24 04:36:33"
"","ตามไร่นาของคนอื่น","feed_summer_sources","0",NULL,"2016-06-24 04:36:33","2016-06-24 04:36:33"
"","ฟางข้าวหรือเปลือกข้าวโพดแห้ง","feed_summer_sources","0",NULL,"2016-06-24 04:36:33","2016-06-24 04:36:33"
"","ฟางข้าวหรือเปลือกข้าวโพดหมักหรือปรุงแต่งเก็บไว้","feed_summer_sources","0",NULL,"2016-06-24 04:36:33","2016-06-24 04:36:33"
"","ใช้การผสมเทียม","farm_breeding_types","0",NULL,"2016-06-24 04:36:33","2016-06-24 04:36:33"
"","ใช้พ่อพันธุ์คุมฝูง","farm_breeding_types","0",NULL,"2016-06-24 04:36:33","2016-06-24 04:36:33"
"","ใช้ทั้งการผสมเทียมและพ่อพันธุ์คุมฝูง","farm_breeding_types","0",NULL,"2016-06-24 04:36:33","2016-06-24 04:36:33"
"","กรมปศุสัตว์","inseminate_sources","1",NULL,"2016-06-24 04:36:33","2016-06-24 04:36:33"
"","เอกชน","inseminate_sources","1",NULL,"2016-06-24 04:36:33","2016-06-24 04:36:33"
"","สถานศึกษา","inseminate_sources","1",NULL,"2016-06-24 04:36:33","2016-06-24 04:36:33"
"","หน่วยทหารพัฒนา","inseminate_sources","1",NULL,"2016-06-24 04:36:33","2016-06-24 04:36:33"
"","อื่นๆ","inseminate_sources","1",NULL,"2016-06-24 04:36:33","2016-06-24 04:36:33"
"","เจ้าหน้าที่ของกรมปศุสัตว์","breeders","0",NULL,"2016-06-24 04:36:33","2016-06-24 04:36:33"
"","ผสมด้วยตนเอง","breeders","0",NULL,"2016-06-24 04:36:33","2016-06-24 04:36:33"
"","สถานศึกษา","breeders","1",NULL,"2016-06-24 04:36:33","2016-06-24 04:36:33"
"","เจ้าหน้าที่จากหน่วยทหารพัฒนา","breeders","0",NULL,"2016-06-24 04:36:33","2016-06-24 04:36:33"
"","อื่นๆ","breeders","1",NULL,"2016-06-24 04:36:33","2016-06-24 04:36:33"
"","มีการตาย","cattle_death","1",NULL,"2016-06-24 04:36:33","2016-06-24 04:36:33"
"","ไม่มีการตาย","cattle_death","0",NULL,"2016-06-24 04:36:33","2016-06-24 04:36:33"
"","แม่โคไม่มีน้ำนมหลังคลอด","cattle_death_causes","0","189","2016-06-24 04:36:33","2016-06-24 04:36:33"
"","ท้องร่วงหรือท้องเสีย","cattle_death_causes","0","189","2016-06-24 04:36:33","2016-06-24 04:36:33"
"","แม่โคตกเลือดหลังคลอดหรือแท้งลูก","cattle_death_causes","0","189","2016-06-24 04:36:33","2016-06-24 04:36:33"
"","ท้องอืด","cattle_death_causes","0","189","2016-06-24 04:36:33","2016-06-24 04:36:33"
"","ปอดบวม","cattle_death_causes","0","189","2016-06-24 04:36:33","2016-06-24 04:36:33"
"","พยาธิภายใน","cattle_death_causes","0","189","2016-06-24 04:36:33","2016-06-24 04:36:33"
"","อื่นๆ","cattle_death_causes","1","189","2016-06-24 04:36:33","2016-06-24 04:36:33"
"","เจ้าหน้าที่กรมปศุสัตว์","disease_cured_by","0",NULL,"2016-06-24 04:36:33","2016-06-24 04:36:33"
"","อาสาปศุสัตว์(อ.ส.ป.)","disease_cured_by","0",NULL,"2016-06-24 04:36:33","2016-06-24 04:36:33"
"","รักษาเอง","disease_cured_by","0",NULL,"2016-06-24 04:36:33","2016-06-24 04:36:33"
"","อื่นๆ","disease_cured_by","1",NULL,"2016-06-24 04:36:33","2016-06-24 04:36:33"
"","ได้ทำ","dewormed_amount","1",NULL,"2016-06-24 04:36:33","2016-06-24 04:36:33"
"","ไม่ได้ทำ","dewormed_amount","0",NULL,"2016-06-24 04:36:33","2016-06-24 04:36:33"
"","ทำ","vaccine_ever","0",NULL,"2016-06-24 04:36:33","2016-06-24 04:36:33"
"","ไม่ได้ทำ","vaccine_ever","0",NULL,"2016-06-24 04:36:33","2016-06-24 04:36:33"
"","เจ้าหน้าที่","vaccined_by","0","204","2016-06-24 04:36:33","2016-06-24 04:36:33"
"","ทำเอง","vaccined_by","0","204","2016-06-24 04:36:33","2016-06-24 04:36:33"
"","ขายเพื่อเป็นรายได้จำนวน(บาท/ปี)","cattle_dung_uses","1",NULL,"2016-06-24 04:36:33","2016-06-24 04:36:33"
"","ใช้เป็นปุ๋ยคอกสำหรับปลูกพืช","cattle_dung_uses","0",NULL,"2016-06-24 04:36:33","2016-06-24 04:36:33"
"","ทำแก๊สชีวภาพใช้ในครัวเรือน","cattle_dung_uses","0",NULL,"2016-06-24 04:36:33","2016-06-24 04:36:33"
"","มีบ่อแล้ว ใช้งานได้ดี","biogas_status","0","210","2016-06-24 04:36:33","2016-06-24 04:36:33"
"","มีบ่อแล้ว แต่ใข้งานไม่ได้","biogas_status","0","210","2016-06-24 04:36:33","2016-06-24 04:36:33"
"","ใช้เงินทุนของตัวเอง","budget_sources","1",NULL,"2016-06-24 04:36:33","2016-06-24 04:36:33"
"","เงินกู้","budget_sources","0",NULL,"2016-06-24 04:36:33","2016-06-24 04:36:33"
"","ใช้ทั้งทุนของตัวเองและเงินกู้","budget_sources","0",NULL,"2016-06-24 04:36:33","2016-06-24 04:36:33"
"","เงินทุนกู้จาก ธ.ก.ส.","loan_types","214",NULL,"2016-06-24 04:36:33","2016-06-24 04:36:33"
"","เงินกู้จากธนาคารพาณิชย์(ระบุธนาคาร)","loan_types","214",NULL,"2016-06-24 04:36:33","2016-06-24 04:36:33"
"","เงินทุนกู้จากกองทุนหมู่บ้าน(บาท)","loan_types","214",NULL,"2016-06-24 04:36:33","2016-06-24 04:36:33"
"","เงินทุนกู้ยืมนอกระบบ","loan_types","214",NULL,"2016-06-24 04:36:33","2016-06-24 04:36:33"
"","พ่อค้าคนกลาง","seller_types","0",NULL,"2016-06-24 04:36:33","2016-06-24 04:36:33"
"","สหกรณ์","seller_types","0",NULL,"2016-06-24 04:36:33","2016-06-24 04:36:33"
"","ชำแหละจำหน่ายเอง","seller_types","0",NULL,"2016-06-24 04:36:33","2016-06-24 04:36:33"
"","อื่นๆ","seller_types","1",NULL,"2016-06-24 04:36:33","2016-06-24 04:36:33"
"","ประมาณด้วยสายตา","cattle_sale_methods","0",NULL,"2016-06-24 04:36:33","2016-06-24 04:36:33"
"","ขายตามราคาน้ำหนักมีชีวิต","cattle_sale_methods","0",NULL,"2016-06-24 04:36:33","2016-06-24 04:36:33"
"","ขายตามราคาน้ำหนักซากและเกรดซาก","cattle_sale_methods","0",NULL,"2016-06-24 04:36:33","2016-06-24 04:36:33"
"","กลุ่มวิสาหกิจชุมชน","group_joins","1",NULL,"2016-06-24 04:36:33","2016-06-24 04:36:33"
"","สหกรณ์โคเนื้อ","group_joins","1",NULL,"2016-06-24 04:36:33","2016-06-24 04:36:33"
"","ต้องการ","group_join_future","0",NULL,"2016-06-24 04:36:33","2016-06-24 04:36:33"
"","ไม่ต้องการ","group_join_future","0",NULL,"2016-06-24 04:36:33","2016-06-24 04:36:33"
"","ความรู้ด้านการจัดการ","cooperative_help_types","0",NULL,"2016-06-24 04:36:33","2016-06-24 04:36:33"
"","การรักษาโรค","cooperative_help_types","0",NULL,"2016-06-24 04:36:33","2016-06-24 04:36:33"
"","อาหาร","cooperative_help_types","0",NULL,"2016-06-24 04:36:33","2016-06-24 04:36:33"
"","พันธุ์","cooperative_help_types","0",NULL,"2016-06-24 04:36:33","2016-06-24 04:36:33"
"","การผสมเทียม","cooperative_help_types","0",NULL,"2016-06-24 04:36:33","2016-06-24 04:36:33"
"","การเหนี่ยวนำการเป็นสัด","cooperative_help_types","0",NULL,"2016-06-24 04:36:33","2016-06-24 04:36:33"
"","ไม่ต้องการ","cooperative_help_types","0",NULL,"2016-06-24 04:36:33","2016-06-24 04:36:33"
"","อื่นๆ","cooperative_help_types","1",NULL,"2016-06-24 04:36:33","2016-06-24 04:36:33"
"","ต้องการ","feed_purchase_cooperative","0",NULL,"2016-06-24 04:36:33","2016-06-24 04:36:33"
"","ไม่ต้องการ","feed_purchase_cooperative","0",NULL,"2016-06-24 04:36:33","2016-06-24 04:36:33"
"","พ่อพันธ์","cattle_sales","1",NULL,"2016-06-24 04:36:33","2016-06-24 04:36:33"
"","แม่พันธ์","cattle_sales","1",NULL,"2016-06-24 04:36:33","2016-06-24 04:36:33"
"","โคขุน","cattle_sales","1",NULL,"2016-06-24 04:36:33","2016-06-24 04:36:33"
"","โครุ่น","cattle_sales","1",NULL,"2016-06-24 04:36:33","2016-06-24 04:36:33"
"","อื่นๆ","cattle_sales","1",NULL,"2016-06-24 04:36:33","2016-06-24 04:36:33"
"","มากที่สุด","sale_satisfaction","0",NULL,"2016-06-24 04:36:33","2016-06-24 04:36:33"
"","มาก","sale_satisfaction","0",NULL,"2016-06-24 04:36:33","2016-06-24 04:36:33"
"","ปานกลาง","sale_satisfaction","0",NULL,"2016-06-24 04:36:33","2016-06-24 04:36:33"
"","น้อย","sale_satisfaction","0",NULL,"2016-06-24 04:36:33","2016-06-24 04:36:33"
"","น้อยที่สุด","sale_satisfaction","0",NULL,"2016-06-24 04:36:33","2016-06-24 04:36:33"
"","กรมปศุสัตว์","support_sources","0",NULL,"2016-06-24 04:36:33","2016-06-24 04:36:33"
"","องค์กรปกครองส่วนท้องถิ่น(อบต. อบจ. เทศบาล)","support_sources","0",NULL,"2016-06-24 04:36:33","2016-06-24 04:36:33"
"","เอกชน","support_sources","0",NULL,"2016-06-24 04:36:33","2016-06-24 04:36:33"
"","สำนักงานการปฏิรูปที่ดินเพื่อการเกษตร(ส.ป.ก.)","support_sources","0",NULL,"2016-06-24 04:36:33","2016-06-24 04:36:33"
"","อื่นๆ(กลุ่มผู้เลี้ยงโคในหมู่บ้าน)","support_sources","0",NULL,"2016-06-24 04:36:33","2016-06-24 04:36:33"
"","ไม่เคยได้รับบริการจากหน่วยงานใดๆ","support_sources","0",NULL,"2016-06-24 04:36:33","2016-06-24 04:36:33"
"","เคย","support_visit","1",NULL,"2016-06-24 04:36:33","2016-06-24 04:36:33"
"","ไม่เคย","support_visit","0",NULL,"2016-06-24 04:36:33","2016-06-24 04:36:33"
"","เคย","production_support","1",NULL,"2016-06-24 04:36:33","2016-06-24 04:36:33"
"","ไม่เคย","production_support","0",NULL,"2016-06-24 04:36:33","2016-06-24 04:36:33"
"","เคย","cattle_heath_support","1",NULL,"2016-06-24 04:36:33","2016-06-24 04:36:33"
"","ไม่เคย","cattle_heath_support","0",NULL,"2016-06-24 04:36:33","2016-06-24 04:36:33"
"","เคย","training_support","1",NULL,"2016-06-24 04:36:33","2016-06-24 04:36:33"
"","ไม่เคย","training_support","0",NULL,"2016-06-24 04:36:33","2016-06-24 04:36:33"
"","เคย","observe_support","1",NULL,"2016-06-24 04:36:33","2016-06-24 04:36:33"
"","ไม่เคย","observe_support","0",NULL,"2016-06-24 04:36:33","2016-06-24 04:36:33"
"","เคย","female_breeder_support","0",NULL,"2016-06-24 04:36:33","2016-06-24 04:36:33"
"","ไม่เคย","female_breeder_support","0",NULL,"2016-06-24 04:36:33","2016-06-24 04:36:33"